{"cameraMode":{"drawMode":0,"name":"Shaded","section":"Shading Mode"},"sceneLighting":false,"audioPlay":false,"sceneViewState":{"showFog":true,"showMaterialUpdate":false,"showSkybox":true,"showFlares":true,"showImageEffects":true,"showParticleSystems":true},"in2DMode":false,"pivot":{"x":9.649999618530274,"y":0.3959999680519104,"z":5.678500175476074},"rotation":{"x":-0.13448219001293183,"y":0.41827109456062319,"z":-0.06276176869869232,"w":-0.8961165547370911},"size":5.613212585449219,"orthographic":false}