{"cameraMode":{"drawMode":0,"name":"Shaded","section":"Shading Mode"},"sceneLighting":false,"audioPlay":false,"sceneViewState":{"showFog":true,"showMaterialUpdate":false,"showSkybox":true,"showFlares":true,"showImageEffects":true,"showParticleSystems":true},"in2DMode":false,"pivot":{"x":-19.903078079223634,"y":2.254495859146118,"z":-11.464608192443848},"rotation":{"x":0.28198280930519106,"y":-0.3589525520801544,"z":0.11471594870090485,"w":0.8823146224021912},"size":6.55847692489624,"orthographic":false}