{"cameraMode":{"drawMode":0,"name":"Shaded","section":"Shading Mode"},"sceneLighting":true,"audioPlay":false,"sceneViewState":{"showFog":true,"showMaterialUpdate":false,"showSkybox":true,"showFlares":true,"showImageEffects":true,"showParticleSystems":true},"in2DMode":false,"pivot":{"x":1.8460710048675538,"y":16.209674835205079,"z":2.4697659015655519},"rotation":{"x":0.2860890030860901,"y":0.08525204658508301,"z":-0.02556692250072956,"w":0.9540605545043945},"size":3.336815595626831,"orthographic":false}