{"cameraMode":{"drawMode":0,"name":"Shaded","section":"Shading Mode"},"sceneLighting":false,"audioPlay":false,"sceneViewState":{"showFog":true,"showMaterialUpdate":false,"showSkybox":true,"showFlares":true,"showImageEffects":true,"showParticleSystems":true},"in2DMode":false,"pivot":{"x":-1.2572461366653443,"y":0.846552848815918,"z":-0.7342429161071777},"rotation":{"x":-0.19443954527378083,"y":-0.7244327664375305,"z":0.22672322392463685,"w":-0.6212785840034485},"size":2.3355515003204347,"orthographic":false}