{"cameraMode":{"drawMode":0,"name":"Shaded","section":"Shading Mode"},"sceneLighting":false,"audioPlay":false,"sceneViewState":{"showFog":true,"showMaterialUpdate":false,"showSkybox":true,"showFlares":true,"showImageEffects":true,"showParticleSystems":true},"in2DMode":false,"pivot":{"x":17.67597007751465,"y":2.556999921798706,"z":-10.852328300476075},"rotation":{"x":-0.3157009780406952,"y":-0.03374616056680679,"z":0.011228996329009533,"w":-0.9481920003890991},"size":15.408740997314454,"orthographic":false}