{"cameraMode":{"drawMode":0,"name":"Shaded","section":"Shading Mode"},"sceneLighting":false,"audioPlay":false,"sceneViewState":{"showFog":true,"showMaterialUpdate":false,"showSkybox":true,"showFlares":true,"showImageEffects":true,"showParticleSystems":true},"in2DMode":false,"pivot":{"x":0.554000973701477,"y":-0.6677373647689819,"z":0.32938769459724429},"rotation":{"x":-0.24862118065357209,"y":-0.5395616888999939,"z":0.17065154016017915,"w":-0.7860908508300781},"size":2.3355515003204347,"orthographic":false}