{"cameraMode":{"drawMode":0,"name":"Shaded","section":"Shading Mode"},"sceneLighting":true,"audioPlay":false,"sceneViewState":{"showFog":true,"showMaterialUpdate":false,"showSkybox":true,"showFlares":true,"showImageEffects":true,"showParticleSystems":true},"in2DMode":false,"pivot":{"x":-18.760000228881837,"y":0.0,"z":-3.804999828338623},"rotation":{"x":0.32086387276649477,"y":0.10922475159168244,"z":-0.037273429334163669,"w":0.9400675892829895},"size":4.858412265777588,"orthographic":false}